phs,7.2
battery4,4.2190055943444325
hydrogen,17.213685490725595
