phs,5.2
battery4,0.3721452786760814
hydrogen,15.787410054940542
