phs,7.2
battery4,2.508271182917885
hydrogen,16.845093020842516
